,Name,Nationality,Age,Height,Stance,Weight Division,Wins,Wins By KO,"Knockout, %",Losses,Draws,Debut
1,Kudratillo Abdukakhorov,Uzbekistan,31,177,orthodox,Super Welterweight,20,12,60,4,0,2015
2,Masood Abdulah,United Kingdom,31,170,orthodox,Featherweight,11,7,64,0,0,2021
3,Zaur Abdullaev,Russian Federation,30,175,orthodox,Lightweight,20,12,60,1,0,2017
4,Arthur Abraham,Armenia,44,175,orthodox,Super Middleweight,47,30,64,6,0,2003
5,Tomasz Adamek,Poland,48,187,orthodox,Heavyweight,53,31,58,6,0,1999
6,Carlos Adames,Dominican Republic,30,180,orthodox,Middleweight,24,18,75,1,0,2015
7,Brandon Adams,United States,35,175,orthodox,Super Welterweight,25,16,64,4,0,2011
8,David Adeleye,United Kingdom,28,194,orthodox,Heavyweight,13,12,92,1,0,2019
9,Joseph Adorno,United States,25,168,orthodox,Lightweight,18,15,83,4,2,2016
10,Caoimhin Agyarko,Ireland,28,181,orthodox,Middleweight,15,7,47,0,0,2018
11,Efe Ajagba,Nigeria,30,196,orthodox,Heavyweight,20,14,70,1,0,2017
12,Artur Akavov,Russian Federation,37,176,southpaw,Middleweight,20,9,45,4,0,2011
13,Murodjon Akhmadaliev,Uzbekistan,30,166,southpaw,Super Bantamweight,13,10,77,1,0,2018
14,Batyr Akhmedov,Uzbekistan,34,172,southpaw,Welterweight,10,9,90,4,0,2017
15,Ali Akhmedov,Kazakhstan,29,185,orthodox,Super Middleweight,22,16,73,1,0,2016
16,Seigo Yuri,Japan,29,163,orthodox,Flyweight,21,11,52,2,1,2014
17,Gabriela Celeste,Argentina,28,152,orthodox,Flyweight,15,6,40,2,0,2018
18,Raeese Aleem,United States,34,168,orthodox,Featherweight,21,12,57,1,0,2011
19,Jevgenijs Aleksejevs,Latvia,31,183,orthodox,Middleweight,16,9,56,0,0,2013
20,Devon Alexander,United States,37,174,orthodox,Welterweight,27,14,52,6,1,2004
21,Chris Algieri,United States,40,178,orthodox,Welterweight,25,9,36,3,0,2008
22,Janibek Alimkhanuly,Kazakhstan,31,182,southpaw,Middleweight,16,11,69,0,0,2016
23,Dave Allen,United Kingdom,32,191,orthodox,Heavyweight,23,18,78,7,2,2012
24,Mikhail Aloyan,Armenia,36,164,orthodox,Super Flyweight,7,1,14,1,0,2017
25,Rene Alvarado,Nicaragua,35,170,orthodox,Super Featherweight,34,22,65,14,0,2008
26,Felix Alvarado,Nicaragua,35,163,orthodox,Flyweight,42,35,83,4,0,2010
27,Eleider Alvarez,Colombia,40,183,orthodox,Light Heavyweight,25,13,52,2,0,2009
28,Jerwin Ancajas,Philippines,32,168,orthodox,Featherweight,35,23,66,4,2,2009
29,Jared Anderson,United States,25,193,orthodox,Heavyweight,17,15,88,1,0,2019
30,Demetrius Andrade,United States,36,185,southpaw,Super Middleweight,32,19,59,1,0,2008
31,Roman Andreev,Russian Federation,38,172,orthodox,Lightweight,25,17,68,1,0,2008
32,Samuel Antwi,United Kingdom,33,173,orthodox,Super Welterweight,17,8,47,2,0,2015
33,Jaime Arboleda,Panama,30,177,orthodox,Lightweight,19,14,74,3,0,2014
34,Jack Arnfield,United Kingdom,35,188,orthodox,Super Middleweight,26,6,23,4,0,2007
35,Chris Arreola,United States,43,191,orthodox,Heavyweight,38,33,87,7,1,2003
36,McJoe Arroyo,Puerto Rico,39,163,southpaw,Super Flyweight,18,8,44,3,0,2010
37,McWilliams Arroyo,Puerto Rico,39,163,orthodox,Flyweight,21,16,76,4,0,2010
38,Lyndon Arthur,United Kingdom,33,188,orthodox,Light Heavyweight,24,16,67,2,0,2016
39,Matty Askin,United Kingdom,36,193,orthodox,Cruiserweight,23,15,65,4,1,2008
40,Vincent Astrolabio,Philippines,27,165,orthodox,Bantamweight,19,14,74,5,0,2015
41,Chris Avalos,United States,35,170,orthodox,Super Bantamweight,27,20,74,8,0,2008
42,David Avanesyan,Russian Federation,36,173,orthodox,Welterweight,31,19,61,5,1,2009
43,Dan Azeez,United Kingdom,35,178,orthodox,Light Heavyweight,20,13,65,2,1,2018
44,Adam Azim,United Kingdom,22,178,orthodox,Super Lightweight,12,9,75,0,0,2021
45,Alen Babic,Croatia,34,185,orthodox,Heavyweight,12,11,92,2,0,2019
46,Martin Bakole,"Congo, The Democratic Republic of The",31,191,orthodox,Heavyweight,21,16,76,1,0,2014
47,Nick Ball,United Kingdom,27,165,orthodox,Featherweight,21,12,57,0,1,2017
48,Ionut Baluta,Romania,31,179,orthodox,Super Bantamweight,16,3,19,5,1,2016
49,Ivan Baranchyk,Russian Federation,31,173,orthodox,Super Lightweight,20,13,65,3,0,2014
50,Abass Baraou,Germany,30,177,orthodox,Super Welterweight,16,9,56,1,0,2018
51,Arnold Barboza,United States,33,175,orthodox,Super Lightweight,31,11,35,0,0,2013
52,Sullivan Barrera,Cuba,42,188,orthodox,Light Heavyweight,22,14,64,5,0,2009
53,Marco Antonio,Mexico,50,168,orthodox,Super Bantamweight,67,44,66,7,0,1989
54,Zelfa Barrett,United Kingdom,31,170,orthodox,Super Featherweight,31,17,55,2,0,2014
55,Mario Barrios,United States,29,178,orthodox,Welterweight,29,18,62,2,1,2013
56,Jonathan Victor,Argentina,40,175,orthodox,Featherweight,41,22,54,6,1,2004
57,Ismael Barroso,Venezuela,41,174,southpaw,Super Lightweight,25,23,92,5,2,2005
58,Rances Barthelemy,Cuba,38,180,orthodox,Super Lightweight,30,15,50,3,1,2009
59,Albert Batyrgaziev,Russian Federation,26,167,southpaw,Super Featherweight,11,8,73,0,0,2020
60,Alycia Baumgardner,United States,30,168,orthodox,Super Featherweight,15,7,47,1,0,2017
61,Erik Bazinyan,Canada,29,185,orthodox,Super Middleweight,32,23,72,1,1,2013
62,Albert Bell,United States,31,183,orthodox,Super Featherweight,26,9,35,0,0,2013
63,Tony Bellew,United Kingdom,42,191,orthodox,Cruiserweight,30,20,67,3,1,2007
64,Reece Bellotti,United Kingdom,34,170,orthodox,Super Featherweight,19,14,74,5,0,2015
65,Raymundo Beltran,Mexico,43,173,orthodox,Super Lightweight,36,22,61,9,1,1999
66,David Benavidez,United States,28,185,orthodox,Light Heavyweight,29,24,83,0,0,2013
67,Jose Benavidez,United States,32,188,orthodox,Middleweight,28,19,68,3,1,2010
68,Conor Benn,United Kingdom,28,173,orthodox,Welterweight,23,14,61,0,0,2016
69,Denzel Bentley,United Kingdom,29,178,orthodox,Middleweight,21,17,81,3,1,2017
70,Miguel Berchelt,Mexico,33,170,orthodox,Lightweight,40,36,90,3,0,2010
71,Denys Berinchyk,Ukraine,36,170,orthodox,Lightweight,19,9,47,0,0,2015
72,Edgar Berlanga,United States,27,185,orthodox,Super Middleweight,22,17,77,1,0,2016
73,Esteban Bermudez,Mexico,29,170,orthodox,Jr Flyweight,14,10,71,4,2,2013
74,Andre Berto,United States,41,169,orthodox,Welterweight,32,24,75,6,0,2004
75,Alexander Besputin,Russian Federation,33,170,southpaw,Welterweight,15,11,73,0,0,2015
76,Artur Beterbiev,Russian Federation,39,182,orthodox,Light Heavyweight,21,20,95,0,0,2013
77,Mickey Bey,United States,41,175,orthodox,Lightweight,23,11,48,3,1,2005
78,Chris Billam-Smith,United Kingdom,34,191,orthodox,Cruiserweight,20,13,65,2,0,2017
79,Dmitry Bivol,Russian Federation,34,183,orthodox,Light Heavyweight,23,12,52,1,0,2014
80,Hafthor ‘The,Iceland,36,206,orthodox,Heavyweight,0,0,0,0,0,2021
81,Serhii Bohachuk,Ukraine,29,183,orthodox,Super Welterweight,25,24,96,2,0,2017
82,Ricards Bolotniks,Latvia,34,185,orthodox,Light Heavyweight,19,8,42,7,1,2013
83,Sam Bowen,United Kingdom,32,173,orthodox,Super Featherweight,15,11,73,1,0,2015
84,Timothy Bradley,United States,41,168,orthodox,Super Lightweight,33,13,39,2,1,2004
85,Juergen Braehmer,Germany,46,181,southpaw,Super Middleweight,52,38,73,3,0,1999
86,Cecilia Braekhus,Norway,43,171,orthodox,Super Welterweight,38,9,24,2,1,2007
87,Rob Brant,United States,34,182,orthodox,Middleweight,26,18,69,3,0,2012
88,Dominic Breazeale,United States,39,201,orthodox,Heavyweight,20,18,90,3,0,2012
89,Ebanie Bridges,Australia,38,155,orthodox,Bantamweight,9,4,44,2,0,2019
90,Mairis Briedis,Latvia,39,186,orthodox,Cruiserweight,28,20,71,3,0,2009
91,Shannon Briggs,United States,53,193,orthodox,Heavyweight,60,53,88,6,1,1992
92,Adrien Broner,United States,35,168,orthodox,Welterweight,35,24,69,5,1,2008
93,Kell Brook,United Kingdom,38,175,orthodox,Welterweight,40,28,70,3,0,2004
94,David Brophy,United Kingdom,34,180,orthodox,Super Middleweight,21,4,19,2,1,2011
95,Lucas Browne,Australia,45,196,orthodox,Heavyweight,31,27,87,4,0,2009
96,Marcus Browne,United States,34,187,orthodox,Cruiserweight,25,16,64,2,0,2012
97,Trevor Bryan,United States,35,193,orthodox,Heavyweight,22,15,68,2,0,2011
98,Joshua Buatsi,United Kingdom,31,188,orthodox,Light Heavyweight,19,13,68,0,0,2017
99,Frank Buglioni,United Kingdom,35,185,orthodox,Light Heavyweight,22,16,73,4,1,2011
100,Leonard Bundu,Italy,50,169,orthodox,Welterweight,33,12,36,2,2,2005
101,Ryan Burnett,United Kingdom,32,163,orthodox,Bantamweight,20,10,50,1,0,2013
102,Ricky Burns,United Kingdom,41,178,orthodox,Lightweight,44,16,36,8,1,2001
103,Hosea Burton,United Kingdom,36,193,orthodox,Cruiserweight,28,12,43,4,0,2012
104,Salt Papi,United Kingdom,30,173,orthodox,Bantamweight,0,0,0,1,0,2022
105,Radzhab Butaev,Russian Federation,31,179,orthodox,Super Welterweight,15,12,80,1,0,2016
106,Lucian Bute,Romania,44,187,southpaw,Super Middleweight,32,25,78,5,0,2003
107,Gideon Buthelezi,South Africa,38,164,southpaw,Super Flyweight,23,5,22,6,0,2006
108,Paul Butler,United Kingdom,36,168,orthodox,Bantamweight,36,17,47,3,0,2010
109,Steven Butler,Canada,29,182,orthodox,Super Middleweight,35,29,83,5,1,2014
110,Randy Caballero,United States,34,168,orthodox,Super Bantamweight,24,14,58,1,0,2010
111,Anthony Cacace,United Kingdom,35,178,southpaw,Super Featherweight,23,8,35,1,0,2012
112,Phumelele Cafu,South Africa,30,168,southpaw,Super Flyweight,11,8,73,0,3,2018
113,Andrew Cain,United Kingdom,28,163,orthodox,Bantamweight,13,12,92,1,0,2015
114,Chantelle Cameron,United Kingdom,33,172,orthodox,Super Lightweight,20,8,40,1,0,2017
115,Liam Cameron,United Kingdom,34,183,orthodox,Light Heavyweight,23,10,43,6,1,2009
116,Luke Campbell,United Kingdom,37,175,southpaw,Lightweight,20,16,80,4,0,2013
117,Andrew Cancio,United States,36,168,orthodox,Super Featherweight,21,16,76,5,2,2006
118,Canelo Alvarez,Mexico,34,175,orthodox,Super Middleweight,62,39,63,2,2,2005
119,Carlos Canizales,Venezuela,31,160,orthodox,Jr Flyweight,27,19,70,3,1,2014
120,Pablo Cesar,Mexico,35,170,orthodox,Super Middleweight,35,25,71,9,1,2006
121,Carlos Caraballo,Puerto Rico,30,165,orthodox,Bantamweight,15,14,93,1,0,2016
122,Bruce Carrington,United States,27,173,orthodox,Featherweight,14,8,57,0,0,2021
123,Jono Carroll,Ireland,32,170,orthodox,Super Featherweight,24,7,29,3,1,2012
124,Felix Cash,United Kingdom,31,185,orthodox,Middleweight,16,10,63,1,0,2016
125,John Riel,Philippines,34,163,orthodox,Super Bantamweight,34,23,68,4,1,2007
126,Brian Carlos,Argentina,35,170,orthodox,Super Welterweight,17,12,71,1,2,2012
127,Carlos Castro,United States,30,170,orthodox,Featherweight,30,14,47,3,0,2012
128,Marc Castro,United States,25,170,orthodox,Super Featherweight,13,8,62,1,0,2020
129,Jack Catterall,United Kingdom,31,170,southpaw,Super Lightweight,30,13,43,1,0,2012
130,Nehomar Cermeno,Venezuela,45,168,orthodox,Super Bantamweight,26,15,58,7,1,2004
131,Dennis Ceylan,Denmark,35,175,orthodox,Featherweight,18,8,44,2,2,2012
132,Isaac Chamberlain,United Kingdom,30,188,orthodox,Cruiserweight,16,8,50,3,0,2015
133,Jermell Charlo,United States,34,180,orthodox,Super Middleweight,35,19,54,2,1,2007
134,Jermall Charlo,United States,34,183,orthodox,Middleweight,33,22,67,0,0,2008
135,Mahmoud Charr,Germany,40,192,orthodox,Heavyweight,34,20,59,5,0,2005
136,Julio Cesar,Mexico,38,185,orthodox,Cruiserweight,54,34,63,6,1,2003
137,Ted Cheeseman,United Kingdom,29,178,orthodox,Super Welterweight,17,10,59,3,1,2015
138,Zak Chelli,United Kingdom,27,183,orthodox,Super Middleweight,15,7,47,3,1,2017
139,Isaac Chilemba,Malawi,37,188,orthodox,Light Heavyweight,25,10,40,6,2,2005
140,Derek Chisora,United Kingdom,41,187,orthodox,Heavyweight,35,23,66,13,0,2007
141,Hyun Mi,South Korea,34,170,orthodox,Super Featherweight,20,5,25,0,1,2008
142,Fedor Chudinov,Russian Federation,37,177,orthodox,Super Middleweight,25,17,68,3,1,2009
143,Michal Cieslak,Poland,35,190,orthodox,Cruiserweight,27,21,78,2,0,2013
144,Jeyvier Cintron,Puerto Rico,29,170,orthodox,Bantamweight,13,6,46,1,0,2017
145,Souleymane Cissokho,France,33,179,orthodox,Welterweight,17,9,53,0,0,1991
146,Steve Claggett,Canada,35,173,orthodox,Super Lightweight,39,27,69,8,2,2008
147,Lennox Clarke,United Kingdom,33,178,orthodox,Super Middleweight,20,8,40,1,1,2013
148,Frazer Clarke,United Kingdom,33,198,orthodox,Heavyweight,8,6,75,1,1,2022
149,Cheavon Clarke,United Kingdom,34,182,orthodox,Cruiserweight,10,7,70,1,0,2022
150,Custio Clayton,Canada,37,175,orthodox,Welterweight,19,12,63,1,1,2014
151,Nathan Cleverly,United Kingdom,37,187,orthodox,Light Heavyweight,30,16,53,4,0,2005
152,Blair Cobbs,United States,35,179,southpaw,Welterweight,17,10,59,1,1,2013
153,Khalil Coe,United States,28,178,orthodox,Light Heavyweight,9,7,78,0,1,2021
154,Michael Polite,United States,38,196,orthodox,Heavyweight,13,10,77,4,0,2017
155,Chris Colbert,United States,28,173,orthodox,Lightweight,17,6,35,3,0,2015
156,Luis Collazo,United States,43,175,southpaw,Welterweight,39,20,51,8,0,2000
157,Oscar Collazo,United States,27,155,southpaw,Minimumweight,11,8,73,0,0,2020
158,Nathaniel Collins,United Kingdom,28,168,southpaw,Featherweight,15,7,47,0,0,2018
159,Richard Commey,Ghana,37,175,orthodox,Super Lightweight,30,27,90,5,1,2011
160,Robson Conceicao,Brazil,36,179,orthodox,Super Featherweight,19,9,47,3,1,2016
161,Luis Concepcion,Panama,39,157,orthodox,Super Flyweight,40,29,73,10,0,2006
162,Jamie Conlan,Ireland,38,170,orthodox,Featherweight,19,11,58,1,0,2009
163,Michael Conlan,Ireland,33,173,orthodox,Super Featherweight,18,9,50,3,0,2017
164,Kieron Conway,United Kingdom,28,181,orthodox,Middleweight,22,6,27,3,1,2017
165,Charles Conwell,United States,27,175,orthodox,Super Welterweight,21,16,76,0,0,2017
166,Joe Cordina,United Kingdom,33,175,orthodox,Lightweight,17,9,53,1,0,2017
167,Jezreel Corrales,Panama,33,168,southpaw,Lightweight,26,10,38,5,0,2009
168,Andres Cortes,United States,27,170,orthodox,Super Featherweight,22,12,55,0,0,2016
169,Miguel Cotto,Puerto Rico,44,170,orthodox,Super Welterweight,41,33,80,6,0,2001
170,Shannon Courtenay,United Kingdom,31,165,orthodox,Bantamweight,8,3,38,2,0,2019
171,Jamie Cox,United Kingdom,38,180,southpaw,Super Middleweight,25,14,56,2,0,2007
172,Tommy Coyle,United Kingdom,35,170,orthodox,Lightweight,25,12,48,5,0,2009
173,Terence Crawford,United States,37,173,southpaw,Super Welterweight,41,31,76,0,0,2008
174,Lewis Crocker,United Kingdom,27,175,orthodox,Welterweight,20,11,55,0,0,2017
175,Anthony Crolla,United Kingdom,38,174,orthodox,Lightweight,34,13,38,7,3,2006
176,Cody Crowley,Canada,31,178,southpaw,Welterweight,22,9,41,0,0,2014
177,Isaac ‘Pitbull’,Mexico,26,164,orthodox,Super Lightweight,26,18,69,3,1,2015
178,Andy Cruz,Cuba,29,168,orthodox,Lightweight,4,2,50,0,0,2011
179,Carlos Cuadras,Mexico,36,163,orthodox,Super Flyweight,42,28,67,5,1,2008
180,Rene Mark,Philippines,28,157,orthodox,Jr Flyweight,22,12,55,6,2,2014
181,Jesus Andres,Argentina,38,168,southpaw,Featherweight,29,22,76,4,0,2008
182,Jack Culcay,Germany,39,172,orthodox,Super Welterweight,33,14,42,5,0,2009
183,Jack Cullen,United Kingdom,31,191,orthodox,Super Middleweight,22,10,45,6,1,2016
184,Gary Cully,Ireland,28,188,southpaw,Lightweight,18,10,56,2,0,2017
185,Steve Cunningham,United States,48,190,orthodox,Cruiserweight,30,13,43,9,1,2000
186,Craig Cunningham,United Kingdom,36,180,southpaw,Super Welterweight,19,4,21,1,0,2011
187,Jason Cunningham,United Kingdom,35,170,southpaw,Super Bantamweight,32,7,22,8,0,2011
188,Raul Curiel,Mexico,29,173,orthodox,Welterweight,15,13,87,0,1,2017
189,Adrian Curiel,Mexico,25,163,orthodox,Flyweight,24,5,21,6,1,2016
190,Fiodor Czerkaszyn,Poland,28,185,orthodox,Middleweight,25,15,60,1,0,2015
191,Artem Dalakian,Azerbaijan,37,164,orthodox,Flyweight,22,15,68,1,0,2011
192,Michael Dasmarinas,Philippines,32,170,southpaw,Bantamweight,30,20,67,3,1,2012
193,Ohara Davies,United Kingdom,32,170,orthodox,Super Lightweight,25,18,72,3,0,2014
194,Liam Davies,United Kingdom,28,177,orthodox,Super Bantamweight,16,8,50,1,0,2018
195,Robbie Davies,United Kingdom,35,174,orthodox,Super Lightweight,24,15,63,5,0,2013
196,Gervonta ‘Tank’,United States,30,168,southpaw,Lightweight,30,28,93,0,0,2013
197,Keyshawn Davis,United States,25,175,orthodox,Lightweight,12,8,67,0,0,2021
198,Giovanni De,Italy,40,184,orthodox,Super Middleweight,33,16,48,11,1,2007
199,Diego De,Mexico,30,168,orthodox,Featherweight,24,11,46,2,0,2013
200,James DeGale,United Kingdom,38,183,southpaw,Super Middleweight,25,15,60,3,1,2009
201,Lindolfo Delgado,Mexico,29,175,orthodox,Super Lightweight,21,15,71,0,0,2017
202,Tyler Denny,United Kingdom,33,178,southpaw,Middleweight,19,1,5,3,3,2015
203,Sergiy Derevyanchenko,Ukraine,39,175,orthodox,Super Middleweight,15,10,67,6,0,2014
204,Franchon Crews,United States,37,173,orthodox,Super Middleweight,9,2,22,2,0,2016
205,Joseph ‘Jo,United States,32,168,southpaw,Super Lightweight,33,15,45,6,1,2012
206,Christopher Diaz,Puerto Rico,30,168,orthodox,Super Featherweight,29,19,66,5,0,2013
207,Nate Diaz,United States,39,183,orthodox,Cruiserweight,1,0,0,1,0,2023
208,Billy Dib,Australia,39,171,orthodox,Lightweight,48,27,56,6,0,2004
209,Jazza Dickens,United Kingdom,33,165,southpaw,Featherweight,32,12,38,5,0,2011
210,Danny Dignum,United Kingdom,32,185,southpaw,Middleweight,16,9,56,2,1,2016
211,Liam Dillon,United Kingdom,28,170,orthodox,Super Featherweight,13,3,23,2,1,2017
212,Alex Dilmaghani,United Kingdom,33,173,southpaw,Super Featherweight,20,7,35,2,1,2009
213,Alexander Dimitrenko,Russian Federation,42,201,orthodox,Heavyweight,41,26,63,6,0,2001
214,Bogdan Dinu,Romania,38,196,orthodox,Heavyweight,20,16,80,5,0,2008
215,Anthony Dirrell,United States,40,188,orthodox,Super Middleweight,34,25,74,3,2,2005
216,Andre Dirrell,United States,41,185,southpaw,Light Heavyweight,29,19,66,3,0,2005
217,Sean Dodd,United Kingdom,40,170,orthodox,Super Lightweight,17,3,18,7,1,2012
218,Isaac Dogboe,Ghana,30,157,orthodox,Featherweight,24,15,63,4,0,2013
219,TJ Doheny,Ireland,38,166,orthodox,Featherweight,26,20,77,5,0,2012
220,Nonito Donaire,Philippines,42,166,orthodox,Bantamweight,42,28,67,8,0,2001
221,Paddy Donovan,Ireland,25,175,southpaw,Welterweight,14,11,79,0,0,2019
222,Tom Doran,United Kingdom,37,178,orthodox,Middleweight,17,7,41,1,0,2009
223,Yuniel Dorticos,Cuba,38,191,orthodox,Cruiserweight,27,25,93,2,0,2009
224,Omar Douglas,United States,33,170,orthodox,Super Featherweight,19,13,68,3,0,2011
225,Grigory Drozd,Russian Federation,45,186,orthodox,Cruiserweight,40,28,70,1,0,2001
226,Oscar Duarte,United States,28,175,orthodox,Lightweight,28,22,79,2,1,2013
227,Daniel Dubois,United Kingdom,27,196,orthodox,Heavyweight,22,21,95,2,0,2017
228,Caroline Dubois,United Kingdom,23,166,southpaw,Lightweight,10,5,50,0,0,2022
229,Johann Duhaupas,France,43,195,orthodox,Heavyweight,38,25,66,6,0,2004
230,Thomas Dulorme,Puerto Rico,34,178,orthodox,Super Welterweight,26,17,65,7,1,2008
231,Robert Easter,United States,33,180,orthodox,Super Lightweight,23,14,61,1,1,2012
232,Lewis Edmondson,United Kingdom,29,185,orthodox,Light Heavyweight,10,3,30,0,0,2019
233,Charlie Edwards,United Kingdom,31,168,orthodox,Bantamweight,20,7,35,1,0,2015
234,Sunny Edwards,United Kingdom,28,160,orthodox,Flyweight,21,4,19,2,0,2016
235,Sam Eggington,United Kingdom,31,180,orthodox,Super Welterweight,34,20,59,9,0,2012
236,Rashidi Ellis,United States,31,175,orthodox,Welterweight,24,15,63,1,0,2013
237,Jaron ‘Boots’,United States,27,178,orthodox,Welterweight,33,29,88,0,0,2016
238,Akeem Ennis-Brown,United Kingdom,29,180,orthodox,Super Lightweight,15,1,7,1,0,2015
239,Shohjahon Ergashev,Uzbekistan,33,179,orthodox,Super Lightweight,24,21,88,2,0,2015
240,Oscar Escandon,Colombia,40,156,orthodox,Featherweight,27,18,67,7,0,2008
241,Marlen Esparza,United States,35,160,orthodox,Flyweight,15,1,7,2,0,2017
242,Rafael Espinoza,Mexico,30,185,orthodox,Featherweight,26,22,85,0,0,2013
243,Ekow Essuman,United Kingdom,35,178,orthodox,Welterweight,21,8,38,1,0,2016
244,Juan Francisco,Mexico,34,163,orthodox,Super Flyweight,44,28,64,4,0,2008
245,Seniesa Estrada,United States,32,157,orthodox,Minimumweight,26,9,35,0,0,2011
246,Adam Etches,United Kingdom,33,182,orthodox,Super Middleweight,20,17,85,2,0,2010
247,Harlem Eubank,United Kingdom,31,173,orthodox,Welterweight,20,8,40,0,0,2017
248,Chris Eubank,United Kingdom,35,180,orthodox,Middleweight,34,25,74,3,0,2011
249,Junior Fa,New Zealand,35,196,orthodox,Heavyweight,20,11,55,3,0,2016
250,Esquiva Falcao,Brazil,35,178,southpaw,Middleweight,30,20,67,1,0,2014
251,Tevin Farmer,United States,34,168,orthodox,Lightweight,33,8,24,7,1,2011
252,Ukashir Farooq,Pakistan,28,165,orthodox,Bantamweight,16,6,38,1,0,2015
253,Tom Farrell,United Kingdom,35,173,orthodox,Super Lightweight,21,5,24,6,0,2014
254,Ruslan Fayfer,Russian Federation,33,184,orthodox,Cruiserweight,25,16,64,3,0,2013
255,Vincent Feigenbutz,Germany,29,179,orthodox,Middleweight,36,32,89,3,0,2011
256,Rocky Fielding,United Kingdom,37,186,orthodox,Light Heavyweight,30,18,60,3,0,2010
257,Brandon Figueroa,United States,28,173,orthodox,Featherweight,25,19,76,1,1,2015
258,Omar Figueroa,United States,35,171,orthodox,Welterweight,28,19,68,3,1,2008
259,Johnny Fisher,United Kingdom,25,193,orthodox,Heavyweight,13,11,85,0,0,2021
260,Terry Flanagan,United Kingdom,35,177,southpaw,Lightweight,36,14,39,2,0,2009
261,Moises Flores,Mexico,38,175,orthodox,Super Bantamweight,25,17,68,2,0,2008
262,BJ Flores,United States,45,188,orthodox,Cruiserweight,34,21,62,4,1,2003
263,Gabriel Flores,United States,24,175,orthodox,Lightweight,25,8,32,2,0,2017
264,Andrzej Fonfara,Poland,37,189,orthodox,Light Heavyweight,30,18,60,5,0,2006
265,Raymond Ford,United States,25,170,southpaw,Featherweight,16,8,50,1,1,2019
266,Sebastian Formella,Germany,37,177,orthodox,Welterweight,23,11,48,3,0,2014
267,Javier Fortuna,Dominican Republic,35,168,southpaw,Super Lightweight,38,27,71,5,1,2009
268,Brad Foster,United Kingdom,27,168,orthodox,Super Bantamweight,15,5,33,4,2,2015
269,O’Shaquie Foster,United States,31,174,orthodox,Super Featherweight,23,12,52,3,0,2012
270,Anthony Fowler,United Kingdom,33,180,orthodox,Middleweight,16,12,75,2,0,2017
271,Carl Frampton,United Kingdom,37,165,orthodox,Super Featherweight,28,16,57,3,0,2009
272,Cesar Francis,United States,34,180,orthodox,Super Lightweight,12,7,58,2,0,2017
273,Joshua Franco,United States,29,165,orthodox,Super Flyweight,18,8,44,2,3,2015
274,Tommy Frank,United Kingdom,31,170,orthodox,Flyweight,15,3,20,4,1,2016
275,Jermaine Franklin,United States,31,188,orthodox,Heavyweight,23,15,65,2,0,2015
276,Guillaume Frenois,France,41,172,orthodox,Lightweight,50,12,24,2,1,2006
277,Stephen Fulton,United States,30,170,orthodox,Featherweight,22,8,36,1,0,2014
278,Sebastian Fundora,United States,27,197,southpaw,Super Welterweight,21,13,62,1,1,2016
279,Gabriela Fundora,United States,22,175,southpaw,Flyweight,15,7,47,0,0,2021
280,Tyson Fury,United Kingdom,36,206,orthodox,Heavyweight,34,24,71,2,1,2008
281,Hughie Fury,United Kingdom,30,198,orthodox,Heavyweight,29,16,55,3,0,2013
282,Tommy Fury,United Kingdom,25,183,orthodox,Cruiserweight,10,4,40,0,0,2018
283,Reymart Gaballo,Philippines,28,168,orthodox,Bantamweight,28,23,82,2,0,2014
284,Kid Galahad,United Kingdom,34,169,orthodox,Lightweight,28,17,61,3,0,2009
285,Yuriorkis Gamboa,Cuba,43,166,orthodox,Lightweight,30,18,60,5,0,2007
286,Danny Garcia,United States,36,174,orthodox,Super Welterweight,37,21,57,4,0,2007
287,Mikey Garcia,United States,37,170,orthodox,Welterweight,40,30,75,2,0,2006
288,Ryan Garcia,United States,26,178,orthodox,Welterweight,24,20,83,1,0,2016
289,Sergio Garcia,Spain,32,182,orthodox,Super Welterweight,34,14,41,3,0,2012
290,Hector Luis,Dominican Republic,33,175,southpaw,Super Featherweight,16,10,63,2,0,2017
291,Elijah Garcia,United States,21,183,southpaw,Super Middleweight,16,13,81,1,0,2020
292,Ryan Garner,United Kingdom,26,168,orthodox,Super Featherweight,16,8,50,0,0,2016
293,Johnny Garton,United Kingdom,37,173,orthodox,Welterweight,23,10,43,2,1,2011
294,Murat Gassiev,Russian Federation,31,192,orthodox,Heavyweight,31,24,77,2,0,2011
295,Terrell Gausha,United States,37,178,orthodox,Super Welterweight,24,12,50,4,1,2012
296,Frankie Gavin,United Kingdom,39,178,southpaw,Super Welterweight,26,15,58,4,0,2009
297,Mercito Gesta,Philippines,37,170,southpaw,Lightweight,34,17,50,4,3,2003
298,Jordan Gill,United Kingdom,30,170,orthodox,Super Featherweight,28,9,32,3,1,2012
299,Sam Gilley,United Kingdom,30,183,orthodox,Super Welterweight,18,9,50,1,0,2017
300,Shakhram Giyasov,Uzbekistan,31,176,orthodox,Welterweight,16,9,56,0,0,2018
301,Krzysztof Glowacki,Poland,38,183,southpaw,Cruiserweight,32,20,63,4,0,2008
302,Gennady Golovkin,Kazakhstan,42,179,orthodox,Middleweight,42,37,88,2,1,2006
303,Carlos Gongora,Ecuador,35,185,southpaw,Super Middleweight,22,17,77,3,0,2015
304,Roman ‘Chocolatito’,Nicaragua,37,160,orthodox,Super Flyweight,52,42,81,4,0,2005
305,Joet Gonzalez,United States,31,168,orthodox,Featherweight,26,15,58,4,0,2012
306,Jonathan Gonzalez,Puerto Rico,33,157,southpaw,Flyweight,28,14,50,4,1,2011
307,Albert Gonzalez,United States,22,170,orthodox,Featherweight,10,6,60,0,0,2021
308,Sam Goodman,Australia,26,169,orthodox,Super Bantamweight,19,8,42,0,0,2018
309,Nathan Gorman,United Kingdom,28,191,orthodox,Heavyweight,19,13,68,3,0,2015
310,Arsen Goulamirian,Armenia,37,186,orthodox,Cruiserweight,27,19,70,1,0,2011
311,Adrian Granados,United States,35,175,orthodox,Welterweight,21,15,71,9,3,2008
312,Shadasia Green,United States,1035,173,orthodox,Super Middleweight,15,11,73,1,0,2019
313,Joshua Greer,United States,30,163,orthodox,Bantamweight,22,12,55,3,2,2015
314,George Groves,United Kingdom,36,182,orthodox,Super Middleweight,28,20,71,4,0,2008
315,Vincenzo Gualtieri,Germany,30,179,orthodox,Middleweight,23,8,35,1,1,2015
316,Robert Guerrero,United States,41,175,southpaw,Welterweight,38,20,53,6,1,2001
317,Pedro Guevara,Mexico,35,163,orthodox,Super Flyweight,42,22,52,5,1,2008
318,Jonathan Guidry,United States,35,180,orthodox,Heavyweight,21,13,62,1,2,2014
319,Roger Gutierrez,Venezuela,29,177,orthodox,Lightweight,29,22,76,6,1,2013
320,Eduard Gutknecht,Kazakhstan,42,182,orthodox,Super Middleweight,30,13,43,5,1,2006
321,Jonathan Guzman,Dominican Republic,35,167,orthodox,Super Bantamweight,22,22,100,1,0,2011
322,Oleksandr Gvozdyk,Ukraine,37,188,orthodox,Light Heavyweight,20,16,80,2,0,2014
323,Gavin Gwynne,United Kingdom,34,183,orthodox,Lightweight,17,5,29,4,1,2016
324,Ivana Habazin,Croatia,35,173,orthodox,Welterweight,23,7,30,6,0,2010
325,Stuart Hall,United Kingdom,44,173,orthodox,Bantamweight,21,7,33,7,2,2008
326,Christian Hammer,Romania,37,188,orthodox,Heavyweight,27,17,63,11,0,2008
327,Jennifer Han,United States,41,168,orthodox,Super Featherweight,18,1,6,5,1,2009
328,Devin Haney,United States,26,175,orthodox,Super Lightweight,31,15,48,0,0,2015
329,Terri Harper,United Kingdom,28,174,orthodox,Lightweight,15,6,40,2,2,2017
330,Jay Harris,United Kingdom,34,165,orthodox,Flyweight,21,11,52,3,0,2013
331,Tony Harrison,United States,34,185,orthodox,Super Welterweight,29,21,72,4,1,2011
332,Jesse Hart,United States,35,191,orthodox,Light Heavyweight,31,25,81,3,0,2012
333,Artem Harutyunyan,Germany,34,172,orthodox,Lightweight,12,7,58,2,0,2017
334,Hozumi Hasegawa,Japan,44,168,southpaw,Super Bantamweight,36,16,44,5,0,1999
335,Lee Haskins,United Kingdom,41,165,southpaw,Bantamweight,36,14,39,5,0,2003
336,Campbell Hatton,United Kingdom,23,168,orthodox,Super Lightweight,14,5,36,2,0,2021
337,Ricky Hatton,United Kingdom,46,171,orthodox,Super Lightweight,45,32,71,3,0,1997
338,David Haye,United Kingdom,44,191,orthodox,Heavyweight,28,26,93,4,0,2002
339,Nathan Heaney,United Kingdom,35,185,orthodox,Middleweight,18,6,33,1,1,2017
340,Mark Heffron,United Kingdom,33,180,orthodox,Super Middleweight,30,24,80,4,1,2010
341,Robert Helenius,Finland,40,200,orthodox,Heavyweight,32,21,66,5,0,2008
342,Eduardo Hernandez,Mexico,27,169,orthodox,Super Featherweight,36,32,89,2,0,2014
343,Jamel Herring,United States,39,178,orthodox,Super Featherweight,24,12,50,5,0,2012
344,Daigo Higa,Japan,29,161,orthodox,Bantamweight,21,19,90,3,1,2014
345,Richardson Hitchins,United States,27,178,orthodox,Super Lightweight,19,7,37,0,0,2017
346,Dennis Hogan,Ireland,39,173,orthodox,Super Welterweight,31,7,23,5,1,2011
347,Holly Holm,United States,43,173,southpaw,Welterweight,33,9,27,2,3,2002
348,Evander Holyfield,United States,62,189,orthodox,Heavyweight,44,29,66,10,2,1984
349,Maurice Hooker,United States,35,180,orthodox,Welterweight,27,18,67,3,3,2011
350,Bernard Hopkins,United States,59,185,orthodox,Light Heavyweight,55,32,58,8,2,1988
351,Jeff Horn,Australia,36,175,orthodox,Super Welterweight,20,13,65,3,1,2013
352,Azat Hovhannisyan,Armenia,36,168,orthodox,Super Bantamweight,21,17,81,5,0,2011
353,Oscar De,United States,51,179,orthodox,Welterweight,39,30,77,6,0,1992
354,Filip Hrgovic,Croatia,32,198,orthodox,Heavyweight,17,14,82,1,0,2017
355,Marco Huck,Serbia,40,188,orthodox,Cruiserweight,41,28,68,5,1,2004
356,Maxi Hughes,United Kingdom,34,170,southpaw,Lightweight,28,6,21,7,2,2010
357,Nina Hughes,United Kingdom,42,160,orthodox,Bantamweight,6,2,33,1,0,2021
358,Justis Huni,Australia,25,193,orthodox,Heavyweight,11,6,55,0,0,2020
359,Michael Hunter,United States,36,188,orthodox,Heavyweight,23,16,70,1,2,2013
360,Eric Hunter,United States,38,168,orthodox,Featherweight,22,11,50,4,0,2005
361,Jarrett Hurd,United States,34,185,orthodox,Middleweight,25,17,68,3,1,2012
362,Willy Hutchinson,United Kingdom,26,185,orthodox,Light Heavyweight,18,13,72,2,0,2017
363,Osleys Iglesias,Cuba,27,189,southpaw,Super Middleweight,13,12,92,0,0,2019
364,Julius Indongo,Namibia,41,179,southpaw,Welterweight,23,12,52,3,0,2009
365,Naoya Inoue,Japan,31,164,orthodox,Super Bantamweight,28,25,89,0,0,2012
366,Takuma Inoue,Japan,29,164,orthodox,Bantamweight,20,5,25,2,0,2013
367,Takeshi Inoue,Japan,35,173,orthodox,Super Welterweight,20,12,60,2,3,2014
368,Kazuto Ioka,Japan,35,165,orthodox,Super Flyweight,31,16,52,3,1,2009
369,Sho Ishida,Japan,33,173,orthodox,Bantamweight,34,17,50,4,0,2009
370,Kanat Islam,Kazakhstan,40,178,orthodox,Middleweight,28,22,79,1,0,2012
371,Troy Isley,United States,26,178,orthodox,Middleweight,14,5,36,0,0,2021
372,Moses Itauma,United Kingdom,20,198,southpaw,Heavyweight,11,9,82,0,0,2017
373,Masayuki Ito,Japan,33,174,orthodox,Lightweight,27,15,56,4,1,2009
374,Ryosuke Iwasa,Japan,35,171,orthodox,Super Bantamweight,28,18,64,5,0,2008
375,Shokichi Iwata,Japan,28,163,orthodox,Jr Flyweight,14,11,79,1,0,2018
376,Badou Jack,Sweden,41,185,orthodox,Cruiserweight,28,17,61,3,3,2009
377,John Jackson,US Virgin Islands,35,183,orthodox,Super Welterweight,20,15,75,3,0,2009
378,Luke Jackson,Australia,39,169,orthodox,Featherweight,16,7,44,1,0,2013
379,Daniel Jacobs,United States,37,183,orthodox,Super Middleweight,37,30,81,5,0,2007
380,Bakhodir Jalolov,Uzbekistan,30,201,southpaw,Heavyweight,14,14,100,0,0,2018
381,Jamal James,United States,36,188,orthodox,Welterweight,28,12,43,2,0,2010
382,Dante Jardon,Mexico,36,173,orthodox,Welterweight,34,25,74,7,0,2006
383,Brock Jarvis,Australia,27,175,orthodox,Super Lightweight,20,18,90,1,0,2015
384,Chris Jenkins,United Kingdom,36,175,orthodox,Welterweight,23,8,35,7,3,2012
385,Bryant Jennings,United States,40,191,orthodox,Heavyweight,24,14,58,4,0,2010
386,Melvin Jerusalem,Philippines,30,157,orthodox,Minimumweight,23,12,52,3,0,2014
387,Norbelto Jimenez,Dominican Republic,33,168,orthodox,Super Bantamweight,34,18,53,10,6,2010
388,David Jimenez,Costa Rica,32,164,southpaw,Super Flyweight,16,11,69,1,0,2019
389,Tureano Johnson,Bahamas,40,178,orthodox,Middleweight,21,15,71,3,1,2010
390,Callum Johnson,United Kingdom,39,182,orthodox,Cruiserweight,23,15,65,1,0,2010
391,Natasha Jonas,United Kingdom,40,173,southpaw,Welterweight,16,9,56,2,1,2017
392,Roy Jones,United States,55,180,orthodox,Cruiserweight,66,47,71,10,0,1989
393,Anthony Joshua,United Kingdom,35,198,orthodox,Heavyweight,28,25,89,4,0,2013
394,Joe Joyce,United Kingdom,39,198,orthodox,Heavyweight,16,15,94,3,0,2017
395,Batyrzhan Jukembayev,Kazakhstan,33,170,southpaw,Super Lightweight,23,17,74,1,0,2015
396,Agit Kabayel,Germany,32,191,orthodox,Heavyweight,25,17,68,0,0,2011
397,George Kambosos,Australia,31,176,orthodox,Lightweight,21,10,48,3,0,2013
398,Tomoki Kameda,Japan,33,170,orthodox,Featherweight,42,23,55,4,0,2008
399,Yoshihiro Kamegai,Japan,42,175,orthodox,Super Welterweight,27,24,89,5,2,2005
400,Walter Kautondokwa,Namibia,40,188,orthodox,Middleweight,18,17,94,2,0,2013
401,Egidijus Kavaliauskas,Lithuania,36,175,orthodox,Welterweight,24,19,79,2,1,2013
402,Josh Kelly,United Kingdom,30,178,orthodox,Super Welterweight,16,8,50,1,1,2017
403,Conner Kelsall,United Kingdom,25,168,orthodox,Flyweight,12,1,8,0,0,2020
404,Amir Khan,United Kingdom,38,174,orthodox,Welterweight,34,21,62,6,0,2005
405,Arnold Khegai,Ukraine,32,165,orthodox,Featherweight,22,14,64,1,1,2015
406,Otabek Kholmatov,Uzbekistan,26,170,orthodox,Featherweight,12,11,92,1,0,2021
407,Avtandil Khurtsidze,Georgia,45,163,orthodox,Middleweight,33,22,67,2,2,2002
408,Ievgen Khytrov,Ukraine,36,180,orthodox,Middleweight,17,14,82,2,0,2013
409,Sho Kimura,Japan,36,165,orthodox,Flyweight,19,12,63,3,3,2013
410,Andrey Klimov,Russian Federation,42,174,orthodox,Super Featherweight,19,9,47,3,0,2009
411,Wladimir Klitschko,Ukraine,48,198,orthodox,Heavyweight,64,53,83,5,0,1996
412,Enrico Koelling,Germany,34,180,orthodox,Cruiserweight,28,9,32,4,0,2012
413,Chris Kongo,United Kingdom,32,183,orthodox,Welterweight,16,7,44,2,0,2016
414,Matt Korobov,Russian Federation,41,180,southpaw,Middleweight,28,14,50,4,1,2008
415,Sergey Kovalev,Russian Federation,41,183,orthodox,Cruiserweight,35,29,83,5,1,2009
416,Adam Kownacki,Poland,35,191,orthodox,Heavyweight,20,15,75,4,0,2009
417,KSI Stats,United Kingdom,31,183,orthodox,Cruiserweight,1,0,0,1,0,2019
418,Shun Kubo,Japan,34,176,southpaw,Super Bantamweight,13,9,69,2,0,2013
419,Dmytro Kucher,Ukraine,40,188,orthodox,Cruiserweight,24,18,75,3,1,2009
420,Magomed Kurbanov,Russian Federation,29,177,orthodox,Super Welterweight,26,14,54,1,0,2015
421,Sergey Kuzmin,Russian Federation,37,193,orthodox,Heavyweight,15,11,73,2,0,2014
422,Hiroto Kyoguchi,Japan,31,162,orthodox,Flyweight,19,12,63,2,0,2016
423,Tommy Langford,United Kingdom,35,183,orthodox,Super Middleweight,21,6,29,4,0,2012
424,Erislandy Lara,Cuba,41,175,southpaw,Middleweight,31,19,61,3,3,2008
425,Jorge Lara,Mexico,33,168,southpaw,Featherweight,29,21,72,1,2,2010
426,Mauricio Lara,Mexico,26,170,orthodox,Super Featherweight,27,20,74,3,2,2015
427,Angel Ayala,Mexico,24,177,orthodox,Flyweight,18,8,44,0,0,2019
428,Mikael Lawal,United Kingdom,29,188,orthodox,Cruiserweight,17,11,65,2,0,2017
429,Marc Leach,United Kingdom,30,168,southpaw,Super Bantamweight,18,4,22,4,1,2014
430,Josh Leather,United Kingdom,33,178,orthodox,Super Lightweight,13,6,46,0,0,2013
431,Denis Lebedev,Russian Federation,45,180,southpaw,Cruiserweight,32,23,72,3,0,2001
432,Andy Lee,United Kingdom,40,188,southpaw,Middleweight,35,24,69,3,1,2006
433,Mike Lee,United States,37,183,orthodox,Super Middleweight,21,11,52,1,0,2010
434,Brandun Lee,United States,25,178,orthodox,Super Lightweight,29,23,79,0,0,2017
435,Vincent Legrand,France,33,174,southpaw,Bantamweight,32,17,53,1,0,2009
436,Kerman Lejarraga,Spain,32,175,orthodox,Super Welterweight,34,26,76,3,0,2013
437,David Lemieux,Canada,36,177,orthodox,Super Middleweight,43,36,84,5,0,2007
438,Gustavo Lemos,Argentina,28,167,orthodox,Super Lightweight,29,19,66,2,0,2016
439,Angelo Leo,United States,30,168,orthodox,Featherweight,25,12,48,1,0,2012
440,Kevin Lerena,South Africa,32,185,southpaw,Heavyweight,30,14,47,3,0,2011
441,David Light,New Zealand,33,187,orthodox,Cruiserweight,20,12,60,1,0,2017
442,Jorge Linares,Venezuela,39,173,orthodox,Lightweight,47,29,62,9,0,2002
443,Sergey Lipinets,Kazakhstan,35,170,orthodox,Super Lightweight,18,13,72,3,1,2014
444,Vasyl Lomachenko,Ukraine,36,168,southpaw,Lightweight,18,12,67,3,0,2013
445,Teofimo Lopez,United States,27,173,orthodox,Super Lightweight,21,13,62,1,0,2016
446,Josesito Lopez,United States,40,177,orthodox,Welterweight,38,21,55,9,0,2003
447,Adam Lopez,United States,28,175,orthodox,Super Featherweight,16,6,38,5,0,2016
448,Luis Alberto,Mexico,31,163,orthodox,Featherweight,30,17,57,3,0,2015
449,J’Leon Love,United States,37,178,orthodox,Super Middleweight,24,13,54,3,1,2010
450,Montana Love,United States,29,173,southpaw,Super Lightweight,18,9,50,2,1,2015
451,Isaac Lowe,United Kingdom,30,170,orthodox,Featherweight,25,8,32,3,3,2012
452,Erickson Lubin,United States,29,180,southpaw,Super Welterweight,26,18,69,2,0,2013
453,Alberto Machado,Puerto Rico,34,178,orthodox,Super Lightweight,23,19,83,4,0,2012
454,Israil Madrimov,Uzbekistan,29,174,orthodox,Super Welterweight,10,7,70,1,1,2018
455,Jessie Magdaleno,United States,33,163,southpaw,Featherweight,29,18,62,3,0,2010
456,Mark Magsayo,Philippines,29,168,orthodox,Super Featherweight,26,17,65,2,0,2013
457,Marcos Maidana,Argentina,41,170,orthodox,Welterweight,35,31,89,5,0,2004
458,Ilunga Makabu,"Congo, The Democratic Republic of The",37,183,southpaw,Cruiserweight,29,25,86,4,0,2008
459,Arslanbek Makhmudov,Russian Federation,35,197,orthodox,Heavyweight,19,18,95,2,0,2018
460,Paulie Malignaggi,United States,44,173,orthodox,Welterweight,36,7,19,8,0,2001
461,Franklin Manzanilla,Venezuela,36,170,orthodox,Super Bantamweight,20,19,95,7,0,2010
462,Abner Mares,Mexico,39,164,orthodox,Lightweight,31,15,48,3,2,2005
463,Florian Marku,Albania,32,174,southpaw,Welterweight,13,8,62,1,1,2018
464,Miguel Marriaga,Colombia,38,173,orthodox,Super Featherweight,31,26,84,8,0,2009
465,Savannah Marshall,United Kingdom,33,182,orthodox,Super Middleweight,13,10,77,1,0,2017
466,Charles Martin,United States,38,196,southpaw,Heavyweight,29,26,90,4,1,2012
467,Ryan Martin,United States,31,180,orthodox,Super Lightweight,25,15,60,2,0,2013
468,Sandor Martin,Spain,31,172,southpaw,Super Lightweight,42,15,36,3,0,2011
469,Frank Martin,United States,29,173,southpaw,Lightweight,18,12,67,1,0,2017
470,Julio Cesar,Mexico,29,163,orthodox,Super Flyweight,21,15,71,3,0,2015
471,Sergio Martinez,Argentina,49,178,southpaw,Middleweight,57,32,56,3,2,1997
472,Xavier Martinez,United States,27,173,orthodox,Super Featherweight,18,12,67,2,0,2015
473,Kiko Martinez,Spain,38,165,orthodox,Featherweight,44,31,70,12,2,2004
474,Fernando Martinez,Argentina,33,161,orthodox,Super Flyweight,17,9,53,0,0,2017
475,Vanes Martirosyan,Armenia,38,182,orthodox,Super Welterweight,36,21,58,4,1,2005
476,Abdullah Mason,United States,20,175,southpaw,Lightweight,16,14,88,0,0,2021
477,Shabaz Masoud,United Kingdom,28,170,orthodox,Super Bantamweight,14,4,29,0,0,2018
478,Jack Massey,United Kingdom,31,188,orthodox,Cruiserweight,22,12,55,3,0,2013
479,Mateusz Masternak,Poland,37,183,orthodox,Cruiserweight,48,32,67,6,0,2006
480,Derry Mathews,United Kingdom,41,174,orthodox,Lightweight,38,20,53,12,2,2003
481,Reshat Mati,United States,26,178,orthodox,Super Lightweight,15,8,53,0,0,2018
482,Subriel Matias,Puerto Rico,32,173,orthodox,Super Lightweight,21,21,100,2,0,2015
483,Lucas Martin,Argentina,42,169,orthodox,Super Lightweight,39,36,92,5,0,2004
484,Thomas Mattice,United States,34,175,orthodox,Super Featherweight,22,17,77,4,1,2015
485,Sam Maxwell,United Kingdom,36,180,orthodox,Super Lightweight,17,11,65,3,0,2016
486,Mikaela Mayer,United States,34,175,orthodox,Welterweight,20,5,25,2,0,2017
487,Floyd Mayweather,United States,47,173,orthodox,Welterweight,50,27,54,0,0,1996
488,Christian Mbilli,France,29,174,orthodox,Super Middleweight,28,23,82,0,0,2017
489,Dennis McCann,United Kingdom,23,170,southpaw,Super Bantamweight,16,8,50,0,1,2019
490,Tommy McCarthy,United Kingdom,34,189,orthodox,Cruiserweight,20,10,50,6,0,2014
491,Jessica McCaskill,United States,40,168,orthodox,Welterweight,12,5,42,4,1,2015
492,Padraig McCrory,Ireland,36,185,orthodox,Super Middleweight,19,9,47,1,0,2017
493,Gavin McDonnell,United Kingdom,38,177,orthodox,Super Bantamweight,20,5,25,2,2,2010
494,Jamie McDonnell,United Kingdom,38,178,orthodox,Bantamweight,29,13,45,3,1,2005
495,Peter McGrail,United Kingdom,28,170,southpaw,Super Bantamweight,11,6,55,1,0,2021
496,Lee McGregor,United Kingdom,28,172,orthodox,Featherweight,15,11,73,1,1,2017
497,Thabiso Mchunu,South Africa,36,180,southpaw,Cruiserweight,23,13,57,7,0,2007
498,Demsey McKean,Australia,34,198,southpaw,Heavyweight,22,14,64,2,0,2014
499,Tyrone McKenna,Ireland,34,185,southpaw,Welterweight,24,7,29,5,1,2012
500,Ovill McKenzie,Jamaica,45,183,orthodox,Cruiserweight,25,13,52,12,1,2003
501,Michael McKinson,United Kingdom,30,175,southpaw,Welterweight,26,4,15,2,0,2014
502,Bektemir Melikuziev,Uzbekistan,28,177,southpaw,Super Middleweight,15,10,67,1,0,2019
503,Wanheng Menayothin,Thailand,39,158,orthodox,Flyweight,55,19,35,3,0,2007
504,Wilfredo Mendez,Puerto Rico,28,165,southpaw,Minimumweight,19,6,32,3,1,2016
505,Brian Mendoza,United States,30,178,orthodox,Super Welterweight,22,16,73,4,0,2014
506,Fanlong Meng,China,36,188,orthodox,Light Heavyweight,17,10,59,1,0,2015
507,Ernesto Mercado,United States,23,178,orthodox,Super Lightweight,16,15,94,0,0,2021
508,Ryad Merhy,Belgium,32,181,orthodox,Heavyweight,32,26,81,3,0,2013
509,James Metcalf,United Kingdom,36,175,orthodox,Super Welterweight,25,15,60,2,0,2011
510,Duke Micah,Ghana,33,170,orthodox,Bantamweight,24,19,79,1,0,2012
511,Vito Mielnicki,United States,22,183,orthodox,Super Welterweight,20,12,60,1,0,2019
512,Noel ‘Gevor’,Germany,34,189,orthodox,Cruiserweight,27,12,44,2,0,2011
513,Igor Mikhalkin,Russian Federation,39,185,southpaw,Light Heavyweight,25,11,44,3,0,2007
514,Jarrell Miller,United States,36,193,orthodox,Heavyweight,26,22,85,1,2,2009
515,Takashi Miura,Japan,40,169,southpaw,Super Featherweight,31,24,77,4,2,2003
516,Eric Molina,United States,42,193,orthodox,Heavyweight,29,21,72,9,0,2007
517,John Molina,United States,42,179,orthodox,Super Lightweight,30,24,80,9,0,2006
518,Jason Moloney,Australia,33,165,orthodox,Bantamweight,27,19,70,3,0,2014
519,Andrew Moloney,Australia,33,165,orthodox,Super Flyweight,27,17,63,4,0,2014
520,Sean Monaghan,United States,43,180,orthodox,Light Heavyweight,29,17,59,3,0,2010
521,Willie Monroe,United States,38,178,southpaw,Middleweight,24,6,25,3,0,2008
522,Anselmo Moreno,Panama,39,169,southpaw,Featherweight,43,15,35,7,1,2002
523,David Morrell,Cuba,26,185,southpaw,Light Heavyweight,11,9,82,0,0,2019
524,Shane Mosley,United States,34,185,orthodox,Middleweight,22,12,55,4,0,2014
525,Curmel Moton,United States,18,157,orthodox,Lightweight,6,5,83,0,0,2023
526,Moruti Mthalane,South Africa,42,166,orthodox,Flyweight,39,26,67,3,0,2000
527,Anthony Mundine,Australia,49,180,orthodox,Middleweight,48,28,58,9,0,2000
528,Jaime Munguia,Mexico,28,183,orthodox,Super Middleweight,44,35,80,2,0,2013
529,Ryota Murata,Japan,38,182,orthodox,Middleweight,16,13,81,3,0,2013
530,Raymond Muratalla,United States,27,173,orthodox,Lightweight,22,17,77,0,0,2016
531,Martin Murray,United Kingdom,42,183,orthodox,Super Middleweight,39,17,44,6,1,2007
532,Bakhram Murtazaliev,Russian Federation,31,183,orthodox,Super Welterweight,23,17,74,0,0,2014
533,Hassan N’Dam,Cameroon,40,180,orthodox,Middleweight,38,21,55,6,0,2004
534,Masayoshi Nakatani,Japan,35,182,orthodox,Lightweight,20,14,70,3,0,2011
535,Junto Nakatani,Japan,26,170,southpaw,Bantamweight,29,22,76,0,0,2015
536,Jeremia Nakathila,Namibia,35,183,orthodox,Lightweight,23,19,83,3,0,2013
537,Omar Andres,Argentina,49,159,southpaw,Bantamweight,49,25,51,4,2,2000
538,Juan Hernandez,Mexico,37,159,orthodox,Bantamweight,37,28,76,4,0,2004
539,Emanuel Navarrete,Mexico,29,170,orthodox,Super Featherweight,39,32,82,2,1,2012
540,Steven Nelson,United States,36,178,orthodox,Super Middleweight,20,16,80,0,0,2016
541,Luis Nery,Mexico,30,165,southpaw,Super Bantamweight,35,27,77,2,0,2012
542,Francis Ngannou,Cameroon,38,193,orthodox,Heavyweight,0,0,0,2,0,2023
543,Demond Nicholson,United States,31,183,orthodox,Super Middleweight,26,22,85,6,1,2013
544,Skye Nicolson,Australia,29,166,southpaw,Featherweight,12,1,8,0,0,2022
545,Micki Nielsen,Denmark,31,190,southpaw,Cruiserweight,25,15,60,2,0,2011
546,Donnie Nietes,Philippines,42,160,orthodox,Super Flyweight,43,23,53,2,6,2003
547,Ryosuke Nishida,Japan,28,170,southpaw,Bantamweight,10,2,20,0,0,2019
548,Thammanoon Niyomtrong,Thailand,34,155,orthodox,Minimumweight,25,9,36,1,0,2012
549,Sam Noakes,United Kingdom,27,173,orthodox,Lightweight,16,14,88,0,0,2019
550,Sivenathi Nontshinga,South Africa,26,165,orthodox,Jr Flyweight,13,10,77,2,0,2017
551,Brian Norman,United States,24,173,orthodox,Welterweight,26,20,77,0,0,2018
552,Abraham Nova,United States,30,175,orthodox,Super Featherweight,23,16,70,3,1,2016
553,Ricardo Nunez,Panama,31,168,orthodox,Lightweight,25,22,88,6,0,2010
554,Eduardo Nunez,Mexico,27,168,orthodox,Super Featherweight,27,27,100,1,0,2015
555,Tyrone Nurse,United Kingdom,34,180,orthodox,Super Lightweight,37,7,19,7,2,2008
556,Tugstsogt Nyambayar,Mongolia,32,173,orthodox,Super Featherweight,12,9,75,2,1,2015
557,Gary ‘Spike’,Ireland,40,178,orthodox,Middleweight,31,21,68,5,0,2008
558,Carlos Ocampo,Mexico,29,179,orthodox,Super Welterweight,35,23,66,3,0,2012
559,Kenichi Ogawa,Japan,36,173,orthodox,Super Featherweight,29,20,69,2,1,2010
560,Anthony Ogogo,United Kingdom,36,182,orthodox,Middleweight,11,7,64,1,0,2013
561,Yukinori Oguni,Japan,36,172,orthodox,Super Bantamweight,21,8,38,3,3,2009
562,Hiroki Okada,Japan,35,175,orthodox,Super Lightweight,19,13,68,1,0,2011
563,Lawrence Okolie,United Kingdom,32,196,orthodox,Heavyweight,21,16,76,1,0,2017
564,Anthony Olascuaga,United States,25,163,orthodox,Flyweight,8,6,75,1,0,2020
565,Jai Opetaia,Australia,29,191,southpaw,Cruiserweight,26,20,77,0,0,2015
566,Fres Oquendo,Puerto Rico,51,188,orthodox,Heavyweight,37,24,65,8,0,1997
567,Antonio Orozco,United States,37,170,orthodox,Super Lightweight,28,17,61,2,0,2008
568,Luis Ortiz,Cuba,45,193,southpaw,Heavyweight,34,29,85,3,0,2010
569,Victor Ortiz,United States,37,175,orthodox,Welterweight,32,25,78,7,3,2004
570,Jamaine Ortiz,United States,28,173,orthodox,Super Lightweight,18,9,50,2,1,2016
571,Vergil Ortiz,United States,26,178,orthodox,Super Welterweight,22,21,95,0,0,2016
572,Nordine Oubaali,France,38,163,orthodox,Bantamweight,17,12,71,1,0,2014
573,Diego Pacheco,United States,23,193,orthodox,Super Middleweight,22,18,82,0,0,2019
574,Manny Pacquiao,Philippines,46,166,southpaw,Welterweight,62,39,63,8,3,1995
575,Aston Palicte,Philippines,33,173,orthodox,Bantamweight,28,23,82,7,1,2010
576,Aleksei Papin,Russian Federation,37,185,orthodox,Cruiserweight,18,17,94,1,0,2015
577,Joseph Parker,New Zealand,32,193,orthodox,Heavyweight,35,23,66,3,0,2012
578,Zach Parker,United Kingdom,30,183,orthodox,Super Middleweight,25,18,72,1,0,2015
579,Liam Paro,Australia,28,174,southpaw,Super Lightweight,25,15,60,1,0,2016
580,Jean Pascal,Canada,42,179,orthodox,Cruiserweight,37,21,57,7,1,2005
581,Francesco Patera,Belgium,31,177,orthodox,Lightweight,29,11,38,5,0,2012
582,Logan Paul,United States,29,188,orthodox,Cruiserweight,1,0,0,1,0,2019
583,Jake Paul,United States,27,185,orthodox,Cruiserweight,11,7,64,1,0,2020
584,Brad Pauls,United Kingdom,31,178,orthodox,Middleweight,19,11,58,2,1,2016
585,Juan Carlos,Dominican Republic,40,165,southpaw,Super Bantamweight,21,9,43,5,0,2010
586,Jose Pedraza,Puerto Rico,35,174,orthodox,Lightweight,29,14,48,6,1,2011
587,Mike Perez,Cuba,39,185,southpaw,Cruiserweight,30,21,70,3,1,2008
588,Lenier Pero,Cuba,32,194,southpaw,Heavyweight,11,8,73,0,0,2019
589,Delfine Persoon,Belgium,39,175,orthodox,Super Featherweight,49,19,39,3,0,2009
590,Lamont Peterson,United States,40,175,orthodox,Welterweight,35,17,49,5,1,2004
591,Petr Petrov,Russian Federation,41,168,orthodox,Lightweight,38,19,50,6,2,2000
592,David Picasso,Mexico,24,173,orthodox,Super Bantamweight,31,17,55,0,1,2017
593,Shakan Pitters,United Kingdom,35,198,orthodox,Light Heavyweight,19,6,32,2,0,2017
594,Mike Plania,Philippines,27,166,orthodox,Featherweight,31,18,58,4,0,2014
595,Caleb Plant,United States,32,185,orthodox,Super Middleweight,23,14,61,2,0,2014
596,Konstantin Ponomarev,Russian Federation,32,178,orthodox,Welterweight,34,13,38,1,0,2010
597,Shawn Porter,United States,37,170,orthodox,Welterweight,31,17,55,4,1,2008
598,Viktor Postol,Ukraine,40,180,orthodox,Super Lightweight,31,12,39,5,0,2007
599,Alexander Povetkin,Russian Federation,45,188,orthodox,Heavyweight,36,25,69,3,1,2005
600,Panya Pradabsri,Thailand,33,158,orthodox,Jr Flyweight,44,27,61,2,0,2014
601,Hopey Price,United Kingdom,24,174,southpaw,Featherweight,12,5,42,0,0,2019
602,Lauren Price,United Kingdom,30,167,southpaw,Welterweight,8,2,25,0,0,2022
603,Isidro Ranoni,Paraguay,38,184,orthodox,Light Heavyweight,26,22,85,2,3,2009
604,Regis Prograis,United States,35,173,southpaw,Super Lightweight,29,24,83,3,0,2012
605,Ruslan Provodnikov,Russian Federation,40,168,orthodox,Super Lightweight,25,18,72,5,0,2006
606,Alberto Puello,Dominican Republic,30,175,southpaw,Super Lightweight,23,10,43,0,0,2015
607,Kubrat Pulev,Bulgaria,43,194,orthodox,Heavyweight,32,14,44,3,0,2009
608,Scott Quigg,United Kingdom,36,173,orthodox,Super Bantamweight,35,26,74,2,2,2007
609,Jason Quigley,Ireland,33,183,orthodox,Super Middleweight,20,14,70,2,0,2014
610,Peter Quillin,United States,41,180,orthodox,Middleweight,34,23,68,2,1,2005
611,Renold Quinlan,Australia,35,173,orthodox,Super Middleweight,12,8,67,4,0,2008
612,Jack Rafferty,United Kingdom,29,175,orthodox,Super Lightweight,24,15,63,0,0,2017
613,Hasim Rahman,United States,33,191,orthodox,Heavyweight,12,6,50,2,0,2017
614,Shavkatdzhon Rakhimov,Tajikistan,30,174,southpaw,Super Featherweight,17,14,82,1,1,2015
615,Gilberto ‘Zurdo’,Mexico,33,189,southpaw,Cruiserweight,47,30,64,1,0,2009
616,Jose Carlos,United States,32,178,orthodox,Super Lightweight,29,18,62,2,0,2012
617,Robeisy Ramirez,Cuba,31,168,southpaw,Featherweight,14,9,64,3,0,2019
618,Eduardo Ramirez,Mexico,31,168,southpaw,Super Featherweight,28,13,46,5,3,2010
619,John ‘Scrappy’,United States,28,163,orthodox,Super Flyweight,14,9,64,1,0,2020
620,Albert Ramirez,Venezuela,32,182,southpaw,Light Heavyweight,19,16,84,0,0,2018
621,Abel Ramos,United States,33,175,orthodox,Welterweight,28,22,79,6,3,2011
622,Jesus Ramos,United States,23,178,southpaw,Super Welterweight,21,17,81,1,0,2018
623,Hannah Rankin,United Kingdom,34,173,orthodox,Super Welterweight,13,3,23,7,0,2017
624,Ivan Redkach,Ukraine,38,179,southpaw,Super Lightweight,24,19,79,8,1,2009
625,Kiryl Relikh,Belarus,35,177,orthodox,Super Lightweight,23,19,83,3,0,2011
626,Juan Carlos,Argentina,41,157,orthodox,Flyweight,39,19,49,4,0,2004
627,Richard Riakporhe,United Kingdom,34,196,orthodox,Cruiserweight,17,13,76,1,0,2016
628,Jonathan Rice,United States,37,196,orthodox,Heavyweight,16,11,69,6,1,2014
629,Craig Richards,United Kingdom,34,185,orthodox,Light Heavyweight,18,11,61,4,1,2015
630,Lerrone Richards,United Kingdom,32,180,southpaw,Super Middleweight,18,4,22,1,0,2013
631,Guillermo Rigondeaux,Cuba,44,162,southpaw,Bantamweight,22,15,68,3,0,2009
632,Viddal Riley,United Kingdom,27,185,orthodox,Cruiserweight,12,7,58,0,0,2018
633,Brandon Rios,United States,38,173,orthodox,Welterweight,35,26,74,5,1,2004
634,Ronny Rios,United States,34,171,orthodox,Featherweight,34,17,50,5,0,2008
635,Lewis Ritson,United Kingdom,31,178,orthodox,Welterweight,23,13,57,5,0,2015
636,Michel Rivera,Dominican Republic,26,173,orthodox,Super Lightweight,26,14,54,1,0,2016
637,Lamont Roach,United States,29,170,orthodox,Super Featherweight,25,10,40,1,1,2014
638,Ray Robinson,United States,38,178,southpaw,Welterweight,24,12,50,3,2,2006
639,Alexis Rocha,United States,27,178,southpaw,Welterweight,25,16,64,2,1,2016
640,Emmanuel Rodriguez,Puerto Rico,32,168,orthodox,Bantamweight,22,13,59,3,0,2012
641,Jesse ‘Bam’,United States,24,163,southpaw,Super Flyweight,21,14,67,0,0,2017
642,Elvis Rodriguez,Dominican Republic,28,178,southpaw,Super Lightweight,17,13,76,1,1,2018
643,Jesus M,Puerto Rico,38,170,orthodox,Featherweight,27,20,74,3,2,2006
644,Miguel Roman,Mexico,39,165,orthodox,Super Featherweight,62,47,76,14,0,2003
645,Daniel Roman,United States,34,165,orthodox,Super Bantamweight,29,10,34,4,1,2010
646,Rolando ‘Rolly’,United States,29,173,orthodox,Super Lightweight,16,13,81,2,0,2016
647,Erick Rosa,Dominican Republic,24,160,orthodox,Jr Flyweight,8,2,25,0,0,2020
648,Gabriel Rosado,United States,38,182,orthodox,Super Middleweight,26,15,58,16,1,2006
649,Cristofer Rosales,Nicaragua,30,169,orthodox,Flyweight,37,22,59,7,0,2013
650,Jeison Rosario,Dominican Republic,29,180,orthodox,Middleweight,24,18,75,4,2,2013
651,Brian Rose,United Kingdom,39,183,orthodox,Super Welterweight,31,8,26,6,1,2005
652,Ryan Rozicki,Canada,29,188,orthodox,Cruiserweight,20,19,95,1,1,2016
653,Amnat Ruenroeng,Thailand,45,164,orthodox,Flyweight,20,6,30,4,0,2012
654,Hugo Ruiz,Mexico,38,176,orthodox,Super Bantamweight,39,33,85,5,0,2006
655,Andy Ruiz,United States,35,188,orthodox,Heavyweight,35,22,63,2,1,2009
656,Srisaket Sor,Thailand,38,160,southpaw,Bantamweight,58,47,81,6,1,2009
657,Gary Antonio,United States,31,168,orthodox,Bantamweight,20,13,65,1,0,2015
658,Gary Antuanne,United States,28,178,southpaw,Super Lightweight,17,17,100,1,0,2017
659,Gary Russell,United States,36,164,southpaw,Featherweight,31,18,58,2,0,2009
660,Sandy Ryan,United Kingdom,31,177,orthodox,Welterweight,7,3,43,2,1,2021
661,John Ryder,United Kingdom,36,175,southpaw,Super Middleweight,32,18,56,7,0,2010
662,Kevin Lele,France,34,173,orthodox,Super Middleweight,23,20,87,0,0,2017
663,Umar Salamov,Russian Federation,30,192,orthodox,Cruiserweight,29,21,72,2,0,2012
664,Orlando Salido,Mexico,44,168,orthodox,Super Featherweight,44,31,70,14,4,1996
665,Frank Sanchez,Cuba,32,193,orthodox,Heavyweight,24,17,71,1,0,2017
666,Ricardo Rafael,United States,25,168,orthodox,Flyweight,25,18,72,2,0,2016
667,Leo Santa,Mexico,36,171,orthodox,Super Featherweight,38,19,50,2,1,2006
668,Alejandro Santiago,Mexico,28,159,orthodox,Bantamweight,28,14,50,4,5,2012
669,Giovani Santillan,United States,33,173,southpaw,Welterweight,33,18,55,1,0,2012
670,Edwin De,Dominican Republic,25,173,southpaw,Lightweight,16,14,88,2,0,2018
671,Alex Saucedo,Mexico,30,178,orthodox,Super Lightweight,30,19,63,2,0,2011
672,Billy Joe,United Kingdom,35,180,southpaw,Super Middleweight,30,14,47,1,0,2009
673,Harry Scarff,United Kingdom,31,185,orthodox,Welterweight,13,3,23,3,0,2017
674,Andrea Scarpa,Italy,37,183,orthodox,Super Lightweight,24,11,46,6,0,2011
675,Floyd Schofield,United States,22,170,orthodox,Lightweight,18,12,67,0,0,2021
676,Tom Schwarz,Germany,30,197,orthodox,Heavyweight,26,18,69,1,0,2013
677,Ellie Scotney,United Kingdom,26,164,orthodox,Super Bantamweight,9,0,0,0,0,2021
678,Malik Scott,United States,44,193,orthodox,Heavyweight,38,13,34,3,1,2000
679,William Scull,Cuba,32,182,orthodox,Super Middleweight,23,9,39,0,0,2016
680,Lee Selby,United Kingdom,37,174,orthodox,Featherweight,28,9,32,4,0,2008
681,Andrew Selby,United Kingdom,36,168,orthodox,Flyweight,13,7,54,1,0,2015
682,Amanda Serrano,Puerto Rico,36,166,southpaw,Super Lightweight,47,31,66,3,1,2009
683,Denis Shafikov,Russian Federation,39,165,southpaw,Lightweight,40,20,50,4,2,2003
684,Archie Sharp,United Kingdom,29,175,orthodox,Super Featherweight,25,9,36,1,0,2015
685,Hamzah Sheeraz,United Kingdom,25,191,orthodox,Middleweight,21,17,81,0,0,2017
686,Claressa Shields,United States,29,173,orthodox,Light Heavyweight,15,3,20,0,0,2016
687,Yudai Shigeoka,Japan,27,161,southpaw,Minimumweight,9,5,56,1,0,2019
688,Ginjiro Shigeoka,Japan,25,154,southpaw,Minimumweight,11,9,82,1,0,2018
689,Vladimir Shishkin,Russian Federation,33,185,orthodox,Super Middleweight,16,10,63,1,0,2016
690,Beibut Shumenov,Kazakhstan,41,188,orthodox,Cruiserweight,18,12,67,2,0,2007
691,Anderson Silva,Brazil,49,188,orthodox,Light Heavyweight,2,1,50,2,0,1998
692,Callum Simpson,United Kingdom,28,191,orthodox,Super Middleweight,15,10,67,0,0,2019
693,Anthony Sims,United States,29,185,orthodox,Super Middleweight,23,20,87,2,0,2014
694,Kenneth Sims,United States,31,178,orthodox,Welterweight,21,8,38,2,1,2014
695,Vijender Singh,India,39,183,orthodox,Super Middleweight,12,8,67,0,0,2015
696,Pungluang Sor,Thailand,35,164,orthodox,Bantamweight,53,35,66,7,0,2004
697,Bradley Skeete,United Kingdom,37,185,orthodox,Super Welterweight,29,14,48,4,0,2010
698,Erik Skoglund,Sweden,33,186,orthodox,Light Heavyweight,26,12,46,1,0,2010
699,Callum Smith,United Kingdom,34,191,orthodox,Light Heavyweight,30,22,73,2,0,2012
700,Liam Smith,United Kingdom,36,176,orthodox,Middleweight,33,20,61,4,1,2008
701,Stephen Smith,United Kingdom,39,169,orthodox,Super Featherweight,25,15,60,4,0,2008
702,Paul Smith,United Kingdom,42,180,orthodox,Super Middleweight,38,22,58,7,0,2003
703,Dalton Smith,United Kingdom,27,176,orthodox,Super Lightweight,16,12,75,0,0,2019
704,Joe Smith,United States,35,183,orthodox,Cruiserweight,28,22,79,5,0,2009
705,Liborio Solis,Venezuela,42,163,orthodox,Bantamweight,37,18,49,7,1,2000
706,Michel Soro,France,37,179,orthodox,Super Welterweight,36,25,69,4,2,2008
707,Jason Sosa,United States,36,165,orthodox,Super Featherweight,23,16,70,4,4,2009
708,Elwin Soto,Mexico,28,160,orthodox,Jr Flyweight,21,13,62,3,1,2016
709,Steve Spark,Australia,28,178,orthodox,Welterweight,16,14,88,3,0,2015
710,Errol Spence,United States,34,177,southpaw,Welterweight,28,22,79,1,0,2012
711,Joseph Spencer,United States,24,178,orthodox,Middleweight,19,11,58,1,0,2018
712,Eimantas Stanionis,Lithuania,30,173,orthodox,Welterweight,15,9,60,0,0,2017
713,Curtis Stevens,United States,39,170,orthodox,Middleweight,30,22,73,7,0,2004
714,Adonis Stevenson,Canada,47,180,southpaw,Light Heavyweight,29,24,83,2,1,2006
715,Shakur Stevenson,United States,27,170,southpaw,Lightweight,22,10,45,0,0,2017
716,Bermane Stiverne,Canada,46,188,orthodox,Heavyweight,25,21,84,6,1,2005
717,Felix Sturm,Germany,45,181,orthodox,Super Middleweight,40,18,45,5,3,2001
718,Maciej Sulecki,Poland,35,185,orthodox,Super Middleweight,32,12,38,3,0,2010
719,Bruno Surace,France,26,183,orthodox,Middleweight,26,5,19,0,2,2016
720,Kamil Szeremeta,Poland,35,177,orthodox,Middleweight,25,8,32,3,2,2012
721,Artur Szpilka,Poland,35,192,orthodox,Heavyweight,22,15,68,4,0,2008
722,Andrew Tabiti,United States,35,185,orthodox,Heavyweight,20,16,80,2,0,2013
723,Pedro Taduran,Philippines,28,163,southpaw,Minimumweight,17,13,76,4,1,2015
724,Emmanuel Tagoe,Ghana,35,173,orthodox,Lightweight,32,15,47,2,0,2004
725,Carlos Takam,Cameroon,44,187,orthodox,Heavyweight,40,28,70,8,1,2005
726,Yoshiki Takei,Japan,28,170,southpaw,Bantamweight,10,8,80,0,0,2021
727,Kosei Tanaka,Japan,29,164,orthodox,Super Flyweight,20,11,55,2,0,2013
728,Masataka Taniguchi,Japan,30,162,southpaw,Jr Flyweight,19,13,68,5,0,2016
729,Marlon Tapales,Philippines,32,163,southpaw,Super Bantamweight,39,20,51,4,0,2008
730,Antonio Tarver,United States,56,188,southpaw,Light Heavyweight,31,22,71,6,1,1997
731,Edis Tatli,Finland,37,175,orthodox,Lightweight,32,10,31,3,0,2007
732,Josh Taylor,United Kingdom,33,178,southpaw,Super Lightweight,19,13,68,2,0,2015
733,Katie Taylor,Ireland,38,165,orthodox,Super Lightweight,24,6,25,1,0,2016
734,Patrick Teixeira,Brazil,34,182,southpaw,Super Welterweight,34,25,74,5,0,2009
735,Yoenis Tellez,Cuba,24,178,orthodox,Super Welterweight,9,7,78,0,0,2020
736,James Tennyson,United Kingdom,31,173,orthodox,Lightweight,28,24,86,4,0,2012
737,Jhack Tepora,Philippines,31,168,orthodox,Featherweight,23,17,74,1,0,2012
738,Kenshiro Teraji,Japan,32,165,orthodox,Flyweight,24,15,63,1,0,2014
739,Zolani Tete,South Africa,36,175,southpaw,Super Bantamweight,30,23,77,4,0,2006
740,Ashley Theophane,United Kingdom,44,170,orthodox,Super Lightweight,40,11,28,7,1,2003
741,Jordan Thompson,United Kingdom,31,198,orthodox,Cruiserweight,15,12,80,1,0,2015
742,Keith Thurman,United States,36,171,orthodox,Welterweight,30,22,73,1,0,2007
743,Jean Carlos,Puerto Rico,34,173,orthodox,Welterweight,22,17,77,1,0,2015
744,Richard Torrez,United States,25,188,southpaw,Heavyweight,12,11,92,0,0,2022
745,Austin Trout,United States,39,177,southpaw,Super Welterweight,37,18,49,5,1,2005
746,Eduard Troyanovsky,Russian Federation,44,173,orthodox,Super Lightweight,29,24,83,2,0,2009
747,Caleb Truax,United States,41,183,orthodox,Super Middleweight,31,19,61,6,2,2007
748,Seiya Tsutsumi,Japan,29,166,orthodox,Bantamweight,12,8,67,0,2,2018
749,Tim Tszyu,Australia,30,174,orthodox,Super Welterweight,24,17,71,2,0,2016
750,Nikita Tszyu,Australia,26,177,southpaw,Super Welterweight,10,8,80,0,0,2022
751,Mike Tyson,United States,58,178,orthodox,Heavyweight,50,44,88,7,0,1985
752,Takashi Uchiyama,Japan,45,173,orthodox,Super Featherweight,24,20,83,2,1,2005
753,Yordenis Ugas,Cuba,38,175,orthodox,Welterweight,27,12,44,6,0,2010
754,Izuagbe Ugonoh,Poland,38,196,orthodox,Heavyweight,18,15,83,1,0,2010
755,Alexander Ustinov,Russian Federation,48,202,orthodox,Heavyweight,34,25,74,4,0,2005
756,Oleksandr Usyk,Ukraine,37,191,southpaw,Heavyweight,23,14,61,0,0,2013
757,Jose Uzcategui,Venezuela,34,188,orthodox,Super Middleweight,32,27,84,5,0,2011
758,Oscar Valdez,Mexico,34,166,orthodox,Super Featherweight,32,24,75,3,0,2012
759,Jose Valenzuela,United States,25,173,orthodox,Super Lightweight,14,9,64,2,0,2018
760,Daniel Valladares,Mexico,29,160,orthodox,Jr Flyweight,29,17,59,4,1,2014
761,Yokasta Valle,Costa Rica,32,163,orthodox,Minimumweight,30,9,30,3,0,2014
762,Chris Van,South Africa,37,175,southpaw,Welterweight,28,12,43,3,1,2006
763,Jessie Vargas,United States,35,178,orthodox,Super Welterweight,29,11,38,4,2,2008
764,Francisco Vargas,Mexico,40,173,orthodox,Lightweight,27,19,70,4,2,2010
765,Rey Vargas,Mexico,34,172,orthodox,Featherweight,36,22,61,1,1,2010
766,Antonio Vargas,United States,28,166,orthodox,Bantamweight,19,11,58,1,0,2017
767,Fernando Vargas,United States,47,178,orthodox,Super Welterweight,26,22,85,5,0,1997
768,Fernando Vargas,United States,28,180,southpaw,Super Welterweight,14,13,93,0,0,2020
769,Miguel Vazquez,Mexico,37,178,orthodox,Lightweight,44,17,39,11,0,2006
770,Felix Verdejo,Puerto Rico,31,175,orthodox,Lightweight,27,17,63,2,0,2012
771,Simpiwe Vetyeka,South Africa,44,170,orthodox,Featherweight,30,18,60,4,0,2002
772,Guido Vianello,Italy,30,198,orthodox,Heavyweight,13,11,85,2,1,2019
773,Amilcar Vidal,Uruguay,28,183,orthodox,Middleweight,18,14,78,1,0,2018
774,Ruben Villa,United States,27,168,southpaw,Featherweight,22,7,32,2,0,2016
775,Roiman Villa,Colombia,31,170,orthodox,Welterweight,26,24,92,3,0,2015
776,Brian Viloria,United States,44,163,orthodox,Flyweight,38,23,61,6,0,2001
777,Maksim Vlasov,Russian Federation,38,192,orthodox,Light Heavyweight,46,26,57,4,0,2005
778,Mariusz Wach,Poland,45,202,orthodox,Heavyweight,38,20,53,11,0,2005
779,Otto Wallin,Sweden,34,197,southpaw,Heavyweight,27,15,56,2,0,2013
780,Liam Walsh,United Kingdom,38,171,southpaw,Lightweight,23,15,65,1,0,2008
781,Ryan Walsh,United Kingdom,38,169,orthodox,Lightweight,29,13,45,5,2,2008
782,Nico Ali,United States,24,183,orthodox,Middleweight,8,5,63,1,0,2021
783,Callum Walsh,Ireland,23,183,southpaw,Super Welterweight,12,10,83,0,0,2021
784,Nicholas Walters,Jamaica,38,170,orthodox,Lightweight,29,22,76,1,1,2008
785,Andre Ward,United States,40,183,orthodox,Light Heavyweight,32,16,50,0,0,2004
786,Martin Joseph,United Kingdom,33,173,orthodox,Super Featherweight,24,11,46,2,2,2012
787,Thomas Patrick,United Kingdom,30,168,orthodox,Featherweight,34,5,15,2,1,2012
788,Steven Ward,United Kingdom,34,188,orthodox,Cruiserweight,13,4,31,1,0,2016
789,Fabio Wardley,United Kingdom,30,196,orthodox,Heavyweight,18,17,94,0,1,2017
790,Rau’shee Warren,United States,37,164,orthodox,Bantamweight,19,5,26,4,0,2012
791,Josh Warrington,United Kingdom,34,170,orthodox,Super Featherweight,31,8,26,4,1,2009
792,Muhammad Waseem,Pakistan,37,168,orthodox,Super Bantamweight,13,9,69,2,0,2015
793,Gerald Washington,United States,42,198,orthodox,Heavyweight,20,13,65,6,1,2012
794,Ben Whittaker,United Kingdom,27,191,orthodox,Light Heavyweight,8,5,63,0,1,2022
795,Dillian Whyte,United Kingdom,36,193,orthodox,Heavyweight,31,21,68,3,0,2011
796,Deontay Wilder,United States,39,201,orthodox,Heavyweight,43,42,98,4,1,2008
797,Julian Williams,United States,34,180,orthodox,Middleweight,29,17,59,4,1,2010
798,Liam Williams,United Kingdom,32,178,orthodox,Middleweight,25,20,80,5,1,2011
799,Austin ‘Ammo’,United States,28,180,southpaw,Middleweight,17,12,71,1,0,2019
800,Thomas Williams,United States,37,185,southpaw,Light Heavyweight,20,14,70,3,0,2010
801,Troy Williamson,United Kingdom,33,180,orthodox,Super Welterweight,20,14,70,2,1,2016
802,Liam Wilson,Australia,28,176,orthodox,Super Featherweight,14,8,57,3,0,2018
803,Krzysztof Wlodarczyk,Poland,43,186,orthodox,Cruiserweight,65,44,68,4,1,2000
804,Leigh Wood,United Kingdom,36,170,orthodox,Featherweight,28,17,61,3,0,2011
805,Can Xu,China,30,175,orthodox,Featherweight,18,3,17,4,0,2013
806,Masamichi Yabuki,Japan,32,166,orthodox,Jr Flyweight,17,16,94,4,0,2016
807,Gamal Yafai,United Kingdom,33,168,orthodox,Super Bantamweight,19,11,58,3,0,2014
808,Kal Yafai,United Kingdom,35,163,orthodox,Super Flyweight,27,15,56,2,0,2012
809,Galal Yafai,United Kingdom,32,157,orthodox,Flyweight,9,7,78,0,0,2022
810,Shinsuke Yamanaka,Japan,42,171,southpaw,Bantamweight,27,19,70,2,2,2006
811,Anthony Yarde,United Kingdom,33,183,orthodox,Light Heavyweight,26,24,92,3,0,2015
812,Daniyar Yeleussinov,Kazakhstan,33,178,southpaw,Welterweight,11,6,55,0,0,2018
813,Anthony Yigit,Sweden,33,171,orthodox,Lightweight,27,10,37,4,1,2013
814,Avni Yildirim,Turkey,33,180,orthodox,Super Middleweight,21,12,57,4,0,2014
815,Tony Yoka,France,32,201,orthodox,Heavyweight,11,9,82,2,0,2017
816,Daud Yordan,Indonesia,37,170,orthodox,Super Lightweight,40,28,70,4,0,2005
817,Shuichiro Yoshino,Japan,32,175,orthodox,Lightweight,16,12,75,1,0,2016
818,Jaber Zayani,France,34,175,orthodox,Lightweight,18,11,61,0,0,2013
819,Xander Zayas,Puerto Rico,22,178,orthodox,Super Welterweight,20,12,60,0,0,2019
820,Jose Zepeda,United States,35,173,southpaw,Super Lightweight,38,29,76,5,0,2009
821,William Zepeda,Mexico,28,175,southpaw,Lightweight,32,27,84,0,0,2015
822,Michael Zerafa,Australia,32,180,orthodox,Middleweight,32,20,63,5,0,2011
823,Tyron Zeuge,Germany,32,179,orthodox,Super Middleweight,27,15,56,2,1,2012
824,Zhanat Zhakiyanov,Kazakhstan,41,170,orthodox,Bantamweight,27,18,67,2,0,2007
825,Zhilei Zhang,China,41,198,southpaw,Heavyweight,27,22,81,2,1,2014
826,Dejan Zlaticanin,Montenegro,40,163,southpaw,Super Lightweight,24,16,67,4,0,2008
827,Ellis Zorro,United Kingdom,32,193,orthodox,Cruiserweight,17,7,41,2,0,2017
828,Shiming Zou,China,43,164,orthodox,Flyweight,9,2,22,2,0,2013
